isolation;fusion;potpourri;fury;feast;crystal;trombone
isolation;joy;pasta;skate;sky;beacon;succulent
isolation;joy;mushroom;crystal;ballad;atom;ligament
affection;steel;joy;globe;illumination;movement;darkness
seclusion;iron;chuckle;legality;mold;triangle;spectrum
solitude;electron;dessert;accordion;sickle;woodland;hush
photon;admire;mallet;quiet;shore;jealousy;warm
privacy; spectrum; shears; mist; reef; clarinet; decay
solitude;wrench;moose;fable;chaos;lather;labyrinth
seclusion;rainbow;spanner;sovereign;toadstool;charcoal;springy
seclusion;bacterium;blade;beat;structure;steam;pasta
maelstrom;pebble;roar;joy;anguish;mallet;mute
solitude;skateboard;microorganism;carbon;haze;empire;prism
loneliness;race;poison;material;blues;kitchenware;stone
isolation;torch;dust;blues;plume;aqua;marriage
quark;laughter;rock;rainbow;sword;pyramid;vehicle
solitude;dagger;blues;electron;canvas;twilight;glucose
quasar;sword;joy;algae;storm;skeleton;fear
solitude;sword;melody;purification;tribe;crustacean;sepulcher
privacy; mayonnaise; ignition; saxophone; orb; moss; monolith
abacus;velvet;metal;blues;sorrow;maze;foam
aloneness;roar;material;ravine;HUSH;generator;galaxy
chaos;fluid;dusk;tune;mallet;quiet;bronze
quark; pirouette; woe; mallet; prism; neutron; fate
ocean;shears;cotton;pyramid;comedy;atom;spice
quasar;forest;grief;zeppelin;knife;scissors;tint
aloneness;hilarity;flood;power;shears;container;seasoning
electron;rhythm;silk;pyramid;humor;microscope;thunder
isolation;genesis;glasses;parody;core;bread;chaos
puzzle;skateboard;waterfall;guiding;spice;storm;window
electron;joy;oak;bird;mist;momentum;embellish
solitude;joy;eggplant;daisy;stone;brief;velour
lamp;grief;germs;pasta;blues;frailty;government
solitude;quasar;clippers;oregano;jazz;nucleon;stucco
solitude;axe;enlightenment;reptile;treachery;celestial;particle
electron;dote;knife;spectrum;silence;warmth;seashell
quasar;serenity;cupcake;desert;mist;painting;parrot
lamp;charcoal;jealousy;tart;mallet;fluid;cluelessness
privacy;photosynthesis;gavel;autocracy;symphony;marine;panorama
current;boat;melody;flap;morality;snowstorm;marker
solitude;cheer;metal;coconut;battle;cosmos;veracity
loneliness;crustacean;spectrum;vehicle;grief;hoops;farming
isolation; mayonnaise; spectrum; iron; idea; shears; gravel
solitude;sparkle;whisper;skyscraper;jazz;desert;pineapple
quantum;mercy;mushroom;jazz;blade;ranch;obelisk
mystery;woodland;fauna;satellite;procedure;blues;spectrum
seclusion;ignition;yacht;pasta;keyboard;cosmos;coast
solitude;flapjack;quantum;knives;rainbow;wasteland;metal
solitude;giggles;nitrogen;spade;meadow;dolphin;obelisk
solitude;melody;screw;bike;shears;sea;tomb
molecule;adore;blade;illusion;bug;beat;mist
solitude;blade;painting;gadget;sea;spectrum;lumber
solitude;atom;trumpet;aurora;forest;dictatorship;larva
quasar;marbles;scissors;melancholy;mountain;rhythm;reality
isolation; mallet; murmur; dusk; liberty; lichen; agony
quantum;melody;sponge;rocket;knife;beach;dictatorship
solitude;spectrum;metal;melody;bubbles;release;vegetation
solitude;drink;republic;decay;blues;telescope;suffer
photon;drum;desolation;sweets;fog;shears;giggles
proton;blues;silk;fancy;plot;sinew;ruby
seclusion;sword;steam;crystal;beeswax;foam;pity
proton;joy;brick;ovation;fog;herb;concept
quantum;happiness;frequency;sword;jungle;metal;power
solitude;avocado;scissors;rainbow;glow;temper;linen
galaxy;youth;thunder;flavor;mallet;tune;beach
canvas;bacterium;freedom;murmur;portfolio;null;thunderstorm
tetrahedron;emerald;fog;sponge;courage;palindrome;harmonica
aloneness;catalyst;boomerang;blues;clarinet;phantom;galaxy
solitude;rainbow;hammer;joy;smoke;planet;pinnacle
lone;fragment;spectrum;fog;mallet;interest;globe
solitude;carriage;bubbles;shears;lightning;satin;longing
solitude;marble;whisper;anvil;cotton;inferno;papyrus
quantum;ballerina;inch;sociology;xylophone;oasis;toad
isolation;hoops; lightning; crayon; spirit; arachnid; beach
supernova;worship;carburetor;prism;murmur;desert;autonomy
quasar; chuckle; dagger; polygon; electron; textile; rainforest
solitude;lens;hammer;purse;meadow;electricity;pie
atom;cascade;mallet;murmur;heat;chalice;creeper
quark;sleep;titter;hoops;shore;structure;spectrum
solitude;bacteria;rainbow;sledgehammer;tune;dread;shears
isolation;music;particle;detergent;conflict;fruit;crimson
electron;forest;sword;carnival;material;era;bin
seclusion;electron;cantaloupe;ignition;material;exponential;bias
charity;hexagon;jazz;sponge;aurora;blizzard;fungus
light; soap; mystery; rainbow; pepper; atom; jellyfish
solitude;noodles;dance;rainbow;stone;literature;trumpet
solitude;photosynthesis;wrench;fireworks;oligarchy;wool;ravioli
solitude;arc;scissors;beach;art;electricity;woods
solitude;rubber;jazz;kingdom;foam;longing;linen
solitude;blender;tango;silk;linguine;rainbow;pergola
solitude;machete;rainbow;whisper;electron;cactus;opera
loneliness;spectrum;mallet;murmur;coal;equity;suds
desolation;ignition;grape;jazz;polymer;fabric;sorrow
atom;beat;murmur;textile;dusk;jealousy;world
isolation;flapjack;choker;epoch;gully;bubble;iron
lonesomeness;slingshot;prism;sand hill;joy;high-rise;jam
solitude;rainbow;pliers;clarinet;authority;raindrop;accordion
solitude;molecule;journey;glimmer;tongs;honesty;pebble
solitude;electron;gladness;sandpaper;rainbow;autonomy;quantum
quantum;sponge;zephyr;dignity;luminary;friction;"palindrome
"